{"height": 17, "version": 1, "command": "-", "stdout": [[0.5, "\u001b[2J\u001b[1;1HTo play: black\r\nMove: 0\r\n     A B C D E F G H I\r\n   +-------------------+\r\n 9 | . . . . . . . . . |\r\n 8 | . . . . . . . . . |\r\n 7 | . . . . . . . . . |\r\n 6 | . . . . . . . . . |\r\n 5 | . . . . . . . . . |\r\n 4 | . . . . . . . . . |\r\n 3 | . . . . . . . . . |\r\n 2 | . . . . . . . . . |\r\n 1 | . . . . . . . . . |\r\n   +-------------------+\r\n     A B C D E F G H I\r\n\r\n"], [0.5, "\u001b[2J\u001b[1;1HTo play: black\r\nMove: 2\r\n     A B C D E F G H I\r\n   +-------------------+\r\n 9 | . . . . . . . . . |\r\n 8 | . . . . . . . . . |\r\n 7 | . . . . . . . . . |\r\n 6 | . . . . . . O). . |\r\n 5 | . . . . . . . . . |\r\n 4 | . . . . . . . . . |\r\n 3 | . . . . . . . . . |\r\n 2 | . . . . X . . . . |\r\n 1 | . . . . . . . . . |\r\n   +-------------------+\r\n     A B C D E F G H I\r\n\r\n"], [0.5, "\u001b[2J\u001b[1;1HTo play: black\r\nMove: 4\r\n     A B C D E F G H I\r\n   +-------------------+\r\n 9 | . . . X . . . . . |\r\n 8 | . . . . . . . . . |\r\n 7 | . . . . . O). . . |\r\n 6 | . . . . . . O . . |\r\n 5 | . . . . . . . . . |\r\n 4 | . . . . . . . . . |\r\n 3 | . . . . . . . . . |\r\n 2 | . . . . X . . . . |\r\n 1 | . . . . . . . . . |\r\n   +-------------------+\r\n     A B C D E F G H I\r\n\r\n"], [0.5, "\u001b[2J\u001b[1;1HTo play: black\r\nMove: 6\r\n     A B C D E F G H I\r\n   +-------------------+\r\n 9 | . . . X . . . . . |\r\n 8 | . . . . . . . . . |\r\n 7 | . . . . . O . . . |\r\n 6 | . . X . . . O . . |\r\n 5 | . . . . . . . O). |\r\n 4 | . . . . . . . . . |\r\n 3 | . . . . . . . . . |\r\n 2 | . . . . X . . . . |\r\n 1 | . . . . . . . . . |\r\n   +-------------------+\r\n     A B C D E F G H I\r\n\r\n"], [0.5, "\u001b[2J\u001b[1;1HTo play: black\r\nMove: 8\r\n     A B C D E F G H I\r\n   +-------------------+\r\n 9 | . . . X . . . . . |\r\n 8 | . . . . O)X . . . |\r\n 7 | . . . . . O . . . |\r\n 6 | . . X . . . O . . |\r\n 5 | . . . . . . . O . |\r\n 4 | . . . . . . . . . |\r\n 3 | . . . . . . . . . |\r\n 2 | . . . . X . . . . |\r\n 1 | . . . . . . . . . |\r\n   +-------------------+\r\n     A B C D E F G H I\r\n\r\n"], [0.5, "\u001b[2J\u001b[1;1HTo play: black\r\nMove: 10\r\n     A B C D E F G H I\r\n   +-------------------+\r\n 9 | . . . X . . X . . |\r\n 8 | . . . . O X . . . |\r\n 7 | . . . . . O . . . |\r\n 6 | . . X . . . O . . |\r\n 5 | . . . . . . . O . |\r\n 4 | . . . . . . . . O)|\r\n 3 | . . . . . . . . . |\r\n 2 | . . . . X . . . . |\r\n 1 | . . . . . . . . . |\r\n   +-------------------+\r\n     A B C D E F G H I\r\n\r\n"]], "duration": 3.0, "width": 26, "title": "gym VideoRecorder episode", "env": {}}